Departure,Arrival,quarter,year,Avgfares
ATL,BOS,3,2011,208.61
ATL,CLT,3,2011,147.12
ATL,DEN,3,2011,172.65
ATL,DFW,3,2011,230.69
ATL,DTW,3,2011,204.4
ATL,EWR,3,2011,245.25
ATL,LAX,3,2011,260.82
ATL,LGA,3,2011,186.24
ATL,MCO,3,2011,151.72
ATL,MIA,3,2011,167.51
ATL,MSP,3,2011,228.19
ATL,ORD,3,2011,189.91
ATL,PHL,3,2011,192.63
ATL,SFO,3,2011,289.31
BOS,ATL,3,2011,209.63
BOS,EWR,3,2011,168.3
BOS,LAX,3,2011,288.7
BOS,LGA,3,2011,237.43
BOS,ORD,3,2011,172.66
BOS,PHL,3,2011,232.99
BOS,SFO,3,2011,329.7
CLT,ATL,3,2011,145.31
CLT,LGA,3,2011,151.31
DEN,ATL,3,2011,170.83
DEN,DFW,3,2011,149.17
DEN,LAS,3,2011,124.32
DEN,LAX,3,2011,163.79
DEN,MSP,3,2011,139.42
DEN,ORD,3,2011,191.36
DEN,PHX,3,2011,133.35
DEN,SEA,3,2011,172.07
DEN,SFO,3,2011,190.3
DFW,ATL,3,2011,230.92
DFW,BOS,3,2011,242.97
DFW,DEN,3,2011,150.97
DFW,LAS,3,2011,183.09
DFW,LAX,3,2011,219.4
DFW,LGA,3,2011,344.77
DFW,ORD,3,2011,213.31
DFW,PHL,3,2011,259.61
DFW,SFO,3,2011,228.8
DTW,ATL,3,2011,203.48
DTW,LGA,3,2011,196.5
DTW,ORD,3,2011,146.3
EWR,ATL,3,2011,244.82
EWR,BOS,3,2011,168.39
EWR,LAX,3,2011,373.8
EWR,MCO,3,2011,174.63
EWR,ORD,3,2011,258.58
EWR,SFO,3,2011,408.42
IAH,LAX,3,2011,304.69
IAH,ORD,3,2011,277.45
JFK,LAS,3,2011,280.74
JFK,LAX,3,2011,347.68
JFK,MCO,3,2011,160.69
JFK,MIA,3,2011,186.51
JFK,SFO,3,2011,359.3
LAS,DEN,3,2011,127.66
LAS,DFW,3,2011,187.49
LAS,JFK,3,2011,288.9
LAS,LAX,3,2011,110.59
LAS,ORD,3,2011,200.92
LAS,SFO,3,2011,136.3
LAX,ATL,3,2011,260.97
LAX,BOS,3,2011,293.45
LAX,DEN,3,2011,163.97
LAX,DFW,3,2011,220.23
LAX,EWR,3,2011,379.19
LAX,IAH,3,2011,309.05
LAX,JFK,3,2011,348.77
LAX,LAS,3,2011,105.8
LAX,ORD,3,2011,232.24
LAX,SEA,3,2011,173.05
LAX,SFO,3,2011,120.52
LGA,ATL,3,2011,187.54
LGA,BOS,3,2011,237.9
LGA,CLT,3,2011,151.16
LGA,DFW,3,2011,342.71
LGA,DTW,3,2011,198.21
LGA,MIA,3,2011,187.97
LGA,ORD,3,2011,179.89
MCO,ATL,3,2011,153.08
MCO,EWR,3,2011,176.57
MCO,PHL,3,2011,155.24
MIA,ATL,3,2011,168.29
MIA,JFK,3,2011,191.26
MIA,LGA,3,2011,189.88
MSP,ATL,3,2011,230.27
MSP,DEN,3,2011,140.61
MSP,ORD,3,2011,130.82
ORD,ATL,3,2011,188.62
ORD,BOS,3,2011,173.38
ORD,DEN,3,2011,191.54
ORD,DFW,3,2011,211.2
ORD,DTW,3,2011,145.51
ORD,EWR,3,2011,263.12
ORD,IAH,3,2011,277.48
ORD,LAS,3,2011,196.22
ORD,LAX,3,2011,231.96
ORD,LGA,3,2011,179.37
ORD,MSP,3,2011,130.11
ORD,PHL,3,2011,215.79
ORD,PHX,3,2011,235.07
ORD,SEA,3,2011,260.47
ORD,SFO,3,2011,273.21
PHL,ATL,3,2011,192.87
PHL,BOS,3,2011,234.13
PHL,DFW,3,2011,258.03
PHL,MCO,3,2011,154.16
PHL,ORD,3,2011,213.42
PHX,DEN,3,2011,132.32
PHX,ORD,3,2011,236.03
SEA,DEN,3,2011,172.81
SEA,LAX,3,2011,172.35
SEA,ORD,3,2011,259.23
SEA,SFO,3,2011,163.95
SFO,ATL,3,2011,289.95
SFO,BOS,3,2011,332.45
SFO,DEN,3,2011,192.12
SFO,DFW,3,2011,229.92
SFO,EWR,3,2011,409.93
SFO,JFK,3,2011,358.82
SFO,LAS,3,2011,130.89
SFO,LAX,3,2011,120.67
SFO,ORD,3,2011,272.1
SFO,SEA,3,2011,164.51
ATL,BOS,4,2011,208.61
ATL,CLT,4,2011,147.12
ATL,DEN,4,2011,172.65
ATL,DFW,4,2011,230.69
ATL,DTW,4,2011,204.4
ATL,EWR,4,2011,245.25
ATL,LAX,4,2011,260.82
ATL,LGA,4,2011,186.24
ATL,MCO,4,2011,151.72
ATL,MIA,4,2011,167.51
ATL,MSP,4,2011,228.19
ATL,ORD,4,2011,189.91
ATL,PHL,4,2011,192.63
ATL,SFO,4,2011,289.31
BOS,ATL,4,2011,209.63
BOS,EWR,4,2011,168.3
BOS,LAX,4,2011,288.7
BOS,LGA,4,2011,237.43
BOS,ORD,4,2011,172.66
BOS,PHL,4,2011,232.99
BOS,SFO,4,2011,329.7
CLT,ATL,4,2011,145.31
CLT,LGA,4,2011,151.31
DEN,ATL,4,2011,170.83
DEN,DFW,4,2011,149.17
DEN,LAS,4,2011,124.32
DEN,LAX,4,2011,163.79
DEN,MSP,4,2011,139.42
DEN,ORD,4,2011,191.36
DEN,PHX,4,2011,133.35
DEN,SEA,4,2011,172.07
DEN,SFO,4,2011,190.3
DFW,ATL,4,2011,230.92
DFW,BOS,4,2011,242.97
DFW,DEN,4,2011,150.97
DFW,LAS,4,2011,183.09
DFW,LAX,4,2011,219.4
DFW,LGA,4,2011,344.77
DFW,ORD,4,2011,213.31
DFW,PHL,4,2011,259.61
DFW,SFO,4,2011,228.8
DTW,ATL,4,2011,203.48
DTW,LGA,4,2011,196.5
DTW,ORD,4,2011,146.3
EWR,ATL,4,2011,244.82
EWR,BOS,4,2011,168.39
EWR,LAX,4,2011,373.8
EWR,MCO,4,2011,174.63
EWR,ORD,4,2011,258.58
EWR,SFO,4,2011,408.42
IAH,LAX,4,2011,304.69
IAH,ORD,4,2011,277.45
JFK,LAS,4,2011,280.74
JFK,LAX,4,2011,347.68
JFK,MCO,4,2011,160.69
JFK,MIA,4,2011,186.51
JFK,SFO,4,2011,359.3
LAS,DEN,4,2011,127.66
LAS,DFW,4,2011,187.49
LAS,JFK,4,2011,288.9
LAS,LAX,4,2011,110.59
LAS,ORD,4,2011,200.92
LAS,SFO,4,2011,136.3
LAX,ATL,4,2011,260.97
LAX,BOS,4,2011,293.45
LAX,DEN,4,2011,163.97
LAX,DFW,4,2011,220.23
LAX,EWR,4,2011,379.19
LAX,IAH,4,2011,309.05
LAX,JFK,4,2011,348.77
LAX,LAS,4,2011,105.8
LAX,ORD,4,2011,232.24
LAX,SEA,4,2011,173.05
LAX,SFO,4,2011,120.52
LGA,ATL,4,2011,187.54
LGA,BOS,4,2011,237.9
LGA,CLT,4,2011,151.16
LGA,DFW,4,2011,342.71
LGA,DTW,4,2011,198.21
LGA,MIA,4,2011,187.97
LGA,ORD,4,2011,179.89
MCO,ATL,4,2011,153.08
MCO,EWR,4,2011,176.57
MCO,PHL,4,2011,155.24
MIA,ATL,4,2011,168.29
MIA,JFK,4,2011,191.26
MIA,LGA,4,2011,189.88
MSP,ATL,4,2011,230.27
MSP,DEN,4,2011,140.61
MSP,ORD,4,2011,130.82
ORD,ATL,4,2011,188.62
ORD,BOS,4,2011,173.38
ORD,DEN,4,2011,191.54
ORD,DFW,4,2011,211.2
ORD,DTW,4,2011,145.51
ORD,EWR,4,2011,263.12
ORD,IAH,4,2011,277.48
ORD,LAS,4,2011,196.22
ORD,LAX,4,2011,231.96
ORD,LGA,4,2011,179.37
ORD,MSP,4,2011,130.11
ORD,PHL,4,2011,215.79
ORD,PHX,4,2011,235.07
ORD,SEA,4,2011,260.47
ORD,SFO,4,2011,273.21
PHL,ATL,4,2011,192.87
PHL,BOS,4,2011,234.13
PHL,DFW,4,2011,258.03
PHL,MCO,4,2011,154.16
PHL,ORD,4,2011,213.42
PHX,DEN,4,2011,132.32
PHX,ORD,4,2011,236.03
SEA,DEN,4,2011,172.81
SEA,LAX,4,2011,172.35
SEA,ORD,4,2011,259.23
SEA,SFO,4,2011,163.95
SFO,ATL,4,2011,289.95
SFO,BOS,4,2011,332.45
SFO,DEN,4,2011,192.12
SFO,DFW,4,2011,229.92
SFO,EWR,4,2011,409.93
SFO,JFK,4,2011,358.82
SFO,LAS,4,2011,130.89
SFO,LAX,4,2011,120.67
SFO,ORD,4,2011,272.1
SFO,SEA,4,2011,164.51
ATL,BOS,1,2012,230.04
ATL,CLT,1,2012,164.45
ATL,DEN,1,2012,177.52
ATL,DFW,1,2012,248.62
ATL,DTW,1,2012,223.68
ATL,EWR,1,2012,264.17
ATL,LAX,1,2012,251.79
ATL,LGA,1,2012,211.92
ATL,MCO,1,2012,181.91
ATL,MIA,1,2012,168.23
ATL,MSP,1,2012,251.27
ATL,ORD,1,2012,188.8
ATL,PHL,1,2012,207.02
ATL,SFO,1,2012,287.84
BOS,ATL,1,2012,233.13
BOS,EWR,1,2012,162.9
BOS,LAX,1,2012,259.77
BOS,LGA,1,2012,235.2
BOS,ORD,1,2012,148.64
BOS,PHL,1,2012,178.18
BOS,SFO,1,2012,283.8
CLT,ATL,1,2012,164.36
CLT,LGA,1,2012,174.29
DEN,ATL,1,2012,177.11
DEN,DFW,1,2012,192.74
DEN,LAS,1,2012,134.08
DEN,LAX,1,2012,149.95
DEN,MSP,1,2012,139.95
DEN,ORD,1,2012,193.16
DEN,PHX,1,2012,137.25
DEN,SEA,1,2012,158.24
DEN,SFO,1,2012,175.75
DFW,ATL,1,2012,247.96
DFW,BOS,1,2012,398.68
DFW,DEN,1,2012,194.12
DFW,LAS,1,2012,184.42
DFW,LAX,1,2012,188.26
DFW,LGA,1,2012,409.66
DFW,ORD,1,2012,214.72
DFW,PHL,1,2012,282.7
DFW,SFO,1,2012,193.17
DTW,ATL,1,2012,224
DTW,LGA,1,2012,181.59
DTW,ORD,1,2012,133.27
EWR,ATL,1,2012,263.12
EWR,BOS,1,2012,164.98
EWR,LAX,1,2012,354.19
EWR,MCO,1,2012,176.93
EWR,ORD,1,2012,234.59
EWR,SFO,1,2012,392.97
IAH,LAX,1,2012,288.23
IAH,ORD,1,2012,297.5
JFK,LAS,1,2012,261.23
JFK,LAX,1,2012,321.34
JFK,MCO,1,2012,165.45
JFK,MIA,1,2012,194.79
JFK,SFO,1,2012,322.69
LAS,DEN,1,2012,137.69
LAS,DFW,1,2012,188.5
LAS,JFK,1,2012,268.81
LAS,LAX,1,2012,105.63
LAS,ORD,1,2012,185.53
LAS,SFO,1,2012,121.59
LAX,ATL,1,2012,253.2
LAX,BOS,1,2012,268.06
LAX,DEN,1,2012,149.93
LAX,DFW,1,2012,188.37
LAX,EWR,1,2012,357.86
LAX,IAH,1,2012,293.58
LAX,JFK,1,2012,323.4
LAX,LAS,1,2012,98.4
LAX,ORD,1,2012,198.58
LAX,SEA,1,2012,157.45
LAX,SFO,1,2012,108.38
LGA,ATL,1,2012,213.25
LGA,BOS,1,2012,237.74
LGA,CLT,1,2012,173.52
LGA,DFW,1,2012,405.96
LGA,DTW,1,2012,182.89
LGA,MIA,1,2012,209.67
LGA,ORD,1,2012,148.5
MCO,ATL,1,2012,181.46
MCO,EWR,1,2012,179.87
MCO,PHL,1,2012,155.41
MIA,ATL,1,2012,169.32
MIA,JFK,1,2012,204.78
MIA,LGA,1,2012,212.41
MSP,ATL,1,2012,252.59
MSP,DEN,1,2012,142.19
MSP,ORD,1,2012,152.88
ORD,ATL,1,2012,187.8
ORD,BOS,1,2012,149.81
ORD,DEN,1,2012,192.47
ORD,DFW,1,2012,209.51
ORD,DTW,1,2012,129.91
ORD,EWR,1,2012,237.8
ORD,IAH,1,2012,295.87
ORD,LAS,1,2012,179.06
ORD,LAX,1,2012,195.68
ORD,LGA,1,2012,149.05
ORD,MSP,1,2012,152.46
ORD,PHL,1,2012,220.58
ORD,PHX,1,2012,239.86
ORD,SEA,1,2012,235.55
ORD,SFO,1,2012,216.64
PHL,ATL,1,2012,207.78
PHL,BOS,1,2012,181.65
PHL,DFW,1,2012,282.08
PHL,MCO,1,2012,154.52
PHL,ORD,1,2012,217.85
PHX,DEN,1,2012,136.13
PHX,ORD,1,2012,241.83
SEA,DEN,1,2012,160.63
SEA,LAX,1,2012,156.98
SEA,ORD,1,2012,233.94
SEA,SFO,1,2012,136.98
SFO,ATL,1,2012,285.74
SFO,BOS,1,2012,284.26
SFO,DEN,1,2012,175.72
SFO,DFW,1,2012,195.11
SFO,EWR,1,2012,393.91
SFO,JFK,1,2012,326.44
SFO,LAS,1,2012,115.35
SFO,LAX,1,2012,108.58
SFO,ORD,1,2012,216.49
SFO,SEA,1,2012,139.51
ATL,BOS,2,2012,219.92
ATL,CLT,2,2012,146.83
ATL,DEN,2,2012,172.19
ATL,DFW,2,2012,239.62
ATL,DTW,2,2012,198.74
ATL,EWR,2,2012,245.51
ATL,LAX,2,2012,256.93
ATL,LGA,2,2012,192.41
ATL,MCO,2,2012,149
ATL,MIA,2,2012,156
ATL,MSP,2,2012,229.49
ATL,ORD,2,2012,189.24
ATL,PHL,2,2012,181.34
ATL,SFO,2,2012,299.06
BOS,ATL,2,2012,219.26
BOS,EWR,2,2012,178.1
BOS,LAX,2,2012,304.11
BOS,LGA,2,2012,242.07
BOS,ORD,2,2012,172.09
BOS,PHL,2,2012,252.54
BOS,SFO,2,2012,331.93
CLT,ATL,2,2012,141.67
CLT,LGA,2,2012,163.08
DEN,ATL,2,2012,169.44
DEN,DFW,2,2012,163.79
DEN,LAS,2,2012,129.53
DEN,LAX,2,2012,159.15
DEN,MSP,2,2012,142.82
DEN,ORD,2,2012,194.34
DEN,PHX,2,2012,144.78
DEN,SEA,2,2012,181.37
DEN,SFO,2,2012,191.21
DFW,ATL,2,2012,239.75
DFW,BOS,2,2012,257.55
DFW,DEN,2,2012,165.97
DFW,LAS,2,2012,198.31
DFW,LAX,2,2012,227.39
DFW,LGA,2,2012,363.18
DFW,ORD,2,2012,220.57
DFW,PHL,2,2012,285.55
DFW,SFO,2,2012,233.61
DTW,ATL,2,2012,198.71
DTW,LGA,2,2012,197.17
DTW,ORD,2,2012,141.74
EWR,ATL,2,2012,244.47
EWR,BOS,2,2012,178.89
EWR,LAX,2,2012,376.57
EWR,MCO,2,2012,173.54
EWR,ORD,2,2012,243.13
EWR,SFO,2,2012,410.25
IAH,LAX,2,2012,308.69
IAH,ORD,2,2012,301.53
JFK,LAS,2,2012,288.3
JFK,LAX,2,2012,362.55
JFK,MCO,2,2012,159.55
JFK,MIA,2,2012,183.71
JFK,SFO,2,2012,360.44
LAS,DEN,2,2012,134.1
LAS,DFW,2,2012,203.05
LAS,JFK,2,2012,299.43
LAS,LAX,2,2012,106
LAS,ORD,2,2012,189.36
LAS,SFO,2,2012,139.84
LAX,ATL,2,2012,256.83
LAX,BOS,2,2012,312.96
LAX,DEN,2,2012,159.53
LAX,DFW,2,2012,228.93
LAX,EWR,2,2012,385.7
LAX,IAH,2,2012,312.16
LAX,JFK,2,2012,361.5
LAX,LAS,2,2012,102.43
LAX,ORD,2,2012,242.09
LAX,SEA,2,2012,174.9
LAX,SFO,2,2012,125.7
LGA,ATL,2,2012,195.1
LGA,BOS,2,2012,242.15
LGA,CLT,2,2012,163.83
LGA,DFW,2,2012,363.29
LGA,DTW,2,2012,198.48
LGA,MIA,2,2012,183.51
LGA,ORD,2,2012,184.62
MCO,ATL,2,2012,151.1
MCO,EWR,2,2012,174.62
MCO,PHL,2,2012,154.25
MIA,ATL,2,2012,155.65
MIA,JFK,2,2012,186.05
MIA,LGA,2,2012,185.34
MSP,ATL,2,2012,230
MSP,DEN,2,2012,142.71
MSP,ORD,2,2012,147.9
ORD,ATL,2,2012,186.33
ORD,BOS,2,2012,174.9
ORD,DEN,2,2012,190.11
ORD,DFW,2,2012,217.82
ORD,DTW,2,2012,141.36
ORD,EWR,2,2012,248.39
ORD,IAH,2,2012,302.06
ORD,LAS,2,2012,184.78
ORD,LAX,2,2012,238.59
ORD,LGA,2,2012,183.33
ORD,MSP,2,2012,148.12
ORD,PHL,2,2012,229.97
ORD,PHX,2,2012,237.52
ORD,SEA,2,2012,265.44
ORD,SFO,2,2012,273.5
PHL,ATL,2,2012,182.22
PHL,BOS,2,2012,254.18
PHL,DFW,2,2012,284.35
PHL,MCO,2,2012,151.79
PHL,ORD,2,2012,227.85
PHX,DEN,2,2012,145.71
PHX,ORD,2,2012,242.27
SEA,DEN,2,2012,180.26
SEA,LAX,2,2012,172.19
SEA,ORD,2,2012,261.25
SEA,SFO,2,2012,165.17
SFO,ATL,2,2012,300.6
SFO,BOS,2,2012,337.74
SFO,DEN,2,2012,194.89
SFO,DFW,2,2012,237.95
SFO,EWR,2,2012,411.16
SFO,JFK,2,2012,364.57
SFO,LAS,2,2012,134.82
SFO,LAX,2,2012,125.97
SFO,ORD,2,2012,275.34
SFO,SEA,2,2012,166.12
ATL,BOS,3,2012,190.14
ATL,CLT,3,2012,130.98
ATL,DEN,3,2012,161.14
ATL,DFW,3,2012,229.2
ATL,DTW,3,2012,185.71
ATL,EWR,3,2012,234.45
ATL,LAX,3,2012,247.09
ATL,LGA,3,2012,169.03
ATL,MCO,3,2012,135
ATL,MIA,3,2012,150.51
ATL,MSP,3,2012,204.56
ATL,ORD,3,2012,189.1
ATL,PHL,3,2012,169.57
ATL,SFO,3,2012,279.25
BOS,ATL,3,2012,192
BOS,EWR,3,2012,178.87
BOS,LAX,3,2012,307.52
BOS,LGA,3,2012,241.36
BOS,ORD,3,2012,174.13
BOS,PHL,3,2012,254.99
BOS,SFO,3,2012,338.56
CLT,ATL,3,2012,128.84
CLT,LGA,3,2012,152.96
DEN,ATL,3,2012,158.53
DEN,DFW,3,2012,138.28
DEN,LAS,3,2012,116.62
DEN,LAX,3,2012,164.01
DEN,MSP,3,2012,141.53
DEN,ORD,3,2012,196.1
DEN,PHX,3,2012,143.27
DEN,SEA,3,2012,173.63
DEN,SFO,3,2012,186.47
DFW,ATL,3,2012,229.94
DFW,BOS,3,2012,223.52
DFW,DEN,3,2012,138.38
DFW,LAS,3,2012,174.42
DFW,LAX,3,2012,213
DFW,LGA,3,2012,340.94
DFW,ORD,3,2012,206.36
DFW,PHL,3,2012,258.2
DFW,SFO,3,2012,224.7
DTW,ATL,3,2012,183.51
DTW,LGA,3,2012,183.78
DTW,ORD,3,2012,133.33
EWR,ATL,3,2012,234.75
EWR,BOS,3,2012,176.41
EWR,LAX,3,2012,399.34
EWR,MCO,3,2012,162.34
EWR,ORD,3,2012,249.95
EWR,SFO,3,2012,442.48
IAH,LAX,3,2012,299.27
IAH,ORD,3,2012,289.57
JFK,LAS,3,2012,277.91
JFK,LAX,3,2012,354.24
JFK,MCO,3,2012,156.32
JFK,MIA,3,2012,185.81
JFK,SFO,3,2012,362.19
LAS,DEN,3,2012,119.92
LAS,DFW,3,2012,176.59
LAS,JFK,3,2012,285.27
LAS,LAX,3,2012,106.42
LAS,ORD,3,2012,183.87
LAS,SFO,3,2012,131.1
LAX,ATL,3,2012,246.53
LAX,BOS,3,2012,308.7
LAX,DEN,3,2012,163.47
LAX,DFW,3,2012,214.4
LAX,EWR,3,2012,410.42
LAX,IAH,3,2012,304.28
LAX,JFK,3,2012,355.64
LAX,LAS,3,2012,102.07
LAX,ORD,3,2012,235.67
LAX,SEA,3,2012,178.09
LAX,SFO,3,2012,110.92
LGA,ATL,3,2012,169.17
LGA,BOS,3,2012,239.27
LGA,CLT,3,2012,149.62
LGA,DFW,3,2012,340.51
LGA,DTW,3,2012,187.44
LGA,MIA,3,2012,177.42
LGA,ORD,3,2012,180.5
MCO,ATL,3,2012,136.51
MCO,EWR,3,2012,162.86
MCO,PHL,3,2012,141.07
MIA,ATL,3,2012,151.28
MIA,JFK,3,2012,181.14
MIA,LGA,3,2012,178.73
MSP,ATL,3,2012,208.86
MSP,DEN,3,2012,144.02
MSP,ORD,3,2012,118.6
ORD,ATL,3,2012,189.04
ORD,BOS,3,2012,173.34
ORD,DEN,3,2012,198.68
ORD,DFW,3,2012,205.24
ORD,DTW,3,2012,134.28
ORD,EWR,3,2012,254.42
ORD,IAH,3,2012,290.58
ORD,LAS,3,2012,183.72
ORD,LAX,3,2012,237.22
ORD,LGA,3,2012,179.95
ORD,MSP,3,2012,117.77
ORD,PHL,3,2012,203.95
ORD,PHX,3,2012,233.32
ORD,SEA,3,2012,275.31
ORD,SFO,3,2012,285.35
PHL,ATL,3,2012,169.11
PHL,BOS,3,2012,255.27
PHL,DFW,3,2012,255.59
PHL,MCO,3,2012,140.91
PHL,ORD,3,2012,203.32
PHX,DEN,3,2012,140.79
PHX,ORD,3,2012,228.69
SEA,DEN,3,2012,178.98
SEA,LAX,3,2012,180.23
SEA,ORD,3,2012,277.33
SEA,SFO,3,2012,168.67
SFO,ATL,3,2012,278.25
SFO,BOS,3,2012,336.84
SFO,DEN,3,2012,189.83
SFO,DFW,3,2012,224.9
SFO,EWR,3,2012,446.87
SFO,JFK,3,2012,359.25
SFO,LAS,3,2012,127.32
SFO,LAX,3,2012,110.6
SFO,ORD,3,2012,279.9
SFO,SEA,3,2012,167.54
ATL,BOS,4,2012,198.01
ATL,CLT,4,2012,130.23
ATL,DEN,4,2012,173.36
ATL,DFW,4,2012,215.56
ATL,DTW,4,2012,194.49
ATL,EWR,4,2012,235.12
ATL,LAX,4,2012,263.33
ATL,LGA,4,2012,176.83
ATL,MCO,4,2012,145.83
ATL,MIA,4,2012,176.89
ATL,MSP,4,2012,212.91
ATL,ORD,4,2012,186.99
ATL,PHL,4,2012,185.06
ATL,SFO,4,2012,268.77
BOS,ATL,4,2012,199.78
BOS,EWR,4,2012,167.1
BOS,LAX,4,2012,288.33
BOS,LGA,4,2012,231.42
BOS,ORD,4,2012,185.74
BOS,PHL,4,2012,257.73
BOS,SFO,4,2012,334.29
CLT,ATL,4,2012,127.21
CLT,LGA,4,2012,137.49
DEN,ATL,4,2012,171
DEN,DFW,4,2012,133.03
DEN,LAS,4,2012,118.78
DEN,LAX,4,2012,169.38
DEN,MSP,4,2012,137.99
DEN,ORD,4,2012,184.36
DEN,PHX,4,2012,130.1
DEN,SEA,4,2012,165.89
DEN,SFO,4,2012,187.71
DFW,ATL,4,2012,216.23
DFW,BOS,4,2012,213.2
DFW,DEN,4,2012,135.65
DFW,LAS,4,2012,174.22
DFW,LAX,4,2012,230.25
DFW,LGA,4,2012,306.6
DFW,ORD,4,2012,209.42
DFW,PHL,4,2012,239.01
DFW,SFO,4,2012,236.89
DTW,ATL,4,2012,194.95
DTW,LGA,4,2012,197.22
DTW,ORD,4,2012,148.35
EWR,ATL,4,2012,233.86
EWR,BOS,4,2012,165.35
EWR,LAX,4,2012,404.99
EWR,MCO,4,2012,177.22
EWR,ORD,4,2012,262.44
EWR,SFO,4,2012,453.05
IAH,LAX,4,2012,313.09
IAH,ORD,4,2012,268.75
JFK,LAS,4,2012,273.67
JFK,LAX,4,2012,351.29
JFK,MCO,4,2012,159.66
JFK,MIA,4,2012,185.21
JFK,SFO,4,2012,366.25
LAS,DEN,4,2012,120.53
LAS,DFW,4,2012,176.29
LAS,JFK,4,2012,278.44
LAS,LAX,4,2012,104.84
LAS,ORD,4,2012,202.98
LAS,SFO,4,2012,136.52
LAX,ATL,4,2012,262.52
LAX,BOS,4,2012,285.38
LAX,DEN,4,2012,170.55
LAX,DFW,4,2012,229.01
LAX,EWR,4,2012,412.54
LAX,IAH,4,2012,317.84
LAX,JFK,4,2012,348.23
LAX,LAS,4,2012,102.29
LAX,ORD,4,2012,242.55
LAX,SEA,4,2012,188.11
LAX,SFO,4,2012,121.73
LGA,ATL,4,2012,179.77
LGA,BOS,4,2012,232.38
LGA,CLT,4,2012,137.81
LGA,DFW,4,2012,307.25
LGA,DTW,4,2012,200.83
LGA,MIA,4,2012,181.4
LGA,ORD,4,2012,185.92
MCO,ATL,4,2012,143.27
MCO,EWR,4,2012,177.97
MCO,PHL,4,2012,151.7
MIA,ATL,4,2012,176.54
MIA,JFK,4,2012,183.72
MIA,LGA,4,2012,180.62
MSP,ATL,4,2012,216.85
MSP,DEN,4,2012,139.36
MSP,ORD,4,2012,115.79
ORD,ATL,4,2012,183.86
ORD,BOS,4,2012,182.04
ORD,DEN,4,2012,185.94
ORD,DFW,4,2012,208.58
ORD,DTW,4,2012,145.83
ORD,EWR,4,2012,266.51
ORD,IAH,4,2012,268.81
ORD,LAS,4,2012,199.38
ORD,LAX,4,2012,246.34
ORD,LGA,4,2012,184.02
ORD,MSP,4,2012,115.26
ORD,PHL,4,2012,203.22
ORD,PHX,4,2012,226.14
ORD,SEA,4,2012,260.54
ORD,SFO,4,2012,296.14
PHL,ATL,4,2012,185.02
PHL,BOS,4,2012,259.03
PHL,DFW,4,2012,236.78
PHL,MCO,4,2012,151.56
PHL,ORD,4,2012,199.91
PHX,DEN,4,2012,125.23
PHX,ORD,4,2012,223.15
SEA,DEN,4,2012,167.43
SEA,LAX,4,2012,188.34
SEA,ORD,4,2012,256.88
SEA,SFO,4,2012,173.75
SFO,ATL,4,2012,271.88
SFO,BOS,4,2012,334.96
SFO,DEN,4,2012,189.59
SFO,DFW,4,2012,238.52
SFO,EWR,4,2012,454.93
SFO,JFK,4,2012,361.66
SFO,LAS,4,2012,133.23
SFO,LAX,4,2012,122.2
SFO,ORD,4,2012,295.97
SFO,SEA,4,2012,173.88
ATL,BOS,1,2013,207.07
ATL,CLT,1,2013,127.13
ATL,DEN,1,2013,168.89
ATL,DFW,1,2013,219.37
ATL,DTW,1,2013,210.78
ATL,EWR,1,2013,240.11
ATL,LAX,1,2013,272.88
ATL,LGA,1,2013,179.25
ATL,MCO,1,2013,155.78
ATL,MIA,1,2013,182.8
ATL,MSP,1,2013,241.76
ATL,ORD,1,2013,184.12
ATL,PHL,1,2013,204.71
ATL,SFO,1,2013,294.76
BOS,ATL,1,2013,208.84
BOS,EWR,1,2013,154.61
BOS,LAX,1,2013,274.13
BOS,LGA,1,2013,234.54
BOS,ORD,1,2013,167
BOS,PHL,1,2013,280.45
BOS,SFO,1,2013,337.82
CLT,ATL,1,2013,127.63
CLT,LGA,1,2013,135.03
DEN,ATL,1,2013,168.97
DEN,DFW,1,2013,143.18
DEN,LAS,1,2013,121.51
DEN,LAX,1,2013,170.59
DEN,MSP,1,2013,137.55
DEN,ORD,1,2013,183.73
DEN,PHX,1,2013,119.94
DEN,SEA,1,2013,165.69
DEN,SFO,1,2013,193.22
DFW,ATL,1,2013,218.84
DFW,BOS,1,2013,230.6
DFW,DEN,1,2013,144.03
DFW,LAS,1,2013,184.45
DFW,LAX,1,2013,235.41
DFW,LGA,1,2013,328.56
DFW,ORD,1,2013,209.27
DFW,PHL,1,2013,269.75
DFW,SFO,1,2013,235.4
DTW,ATL,1,2013,207.4
DTW,LGA,1,2013,204.48
DTW,ORD,1,2013,151.79
EWR,ATL,1,2013,239.08
EWR,BOS,1,2013,157.26
EWR,LAX,1,2013,436.88
EWR,MCO,1,2013,186.06
EWR,ORD,1,2013,281.8
EWR,SFO,1,2013,490.4
IAH,LAX,1,2013,331.27
IAH,ORD,1,2013,265.72
JFK,LAS,1,2013,301.95
JFK,LAX,1,2013,347.3
JFK,MCO,1,2013,170.31
JFK,MIA,1,2013,194.42
JFK,SFO,1,2013,370.17
LAS,DEN,1,2013,125.35
LAS,DFW,1,2013,191.77
LAS,JFK,1,2013,309.96
LAS,LAX,1,2013,122.81
LAS,ORD,1,2013,226.58
LAS,SFO,1,2013,145.63
LAX,ATL,1,2013,271.99
LAX,BOS,1,2013,280.34
LAX,DEN,1,2013,169.64
LAX,DFW,1,2013,237.75
LAX,EWR,1,2013,445.17
LAX,IAH,1,2013,333.9
LAX,JFK,1,2013,350.2
LAX,LAS,1,2013,116.91
LAX,ORD,1,2013,234.56
LAX,SEA,1,2013,172.4
LAX,SFO,1,2013,127.35
LGA,ATL,1,2013,180.55
LGA,BOS,1,2013,235.37
LGA,CLT,1,2013,136.62
LGA,DFW,1,2013,319.2
LGA,DTW,1,2013,205.27
LGA,MIA,1,2013,198.85
LGA,ORD,1,2013,173.67
MCO,ATL,1,2013,155.09
MCO,EWR,1,2013,188.8
MCO,PHL,1,2013,166.29
MIA,ATL,1,2013,184.74
MIA,JFK,1,2013,201.5
MIA,LGA,1,2013,202.71
MSP,ATL,1,2013,241.17
MSP,DEN,1,2013,139.37
MSP,ORD,1,2013,127.99
ORD,ATL,1,2013,185.12
ORD,BOS,1,2013,170.34
ORD,DEN,1,2013,181.84
ORD,DFW,1,2013,206.32
ORD,DTW,1,2013,151.41
ORD,EWR,1,2013,282.73
ORD,IAH,1,2013,264.73
ORD,LAS,1,2013,220.41
ORD,LAX,1,2013,233.17
ORD,LGA,1,2013,172.54
ORD,MSP,1,2013,127.17
ORD,PHL,1,2013,214.65
ORD,PHX,1,2013,235.96
ORD,SEA,1,2013,249.25
ORD,SFO,1,2013,274.32
PHL,ATL,1,2013,204.1
PHL,BOS,1,2013,280.79
PHL,DFW,1,2013,266.05
PHL,MCO,1,2013,165.89
PHL,ORD,1,2013,210.2
PHX,DEN,1,2013,119.01
PHX,ORD,1,2013,238.71
SEA,DEN,1,2013,162.88
SEA,LAX,1,2013,171.5
SEA,ORD,1,2013,249.39
SEA,SFO,1,2013,165.75
SFO,ATL,1,2013,294.34
SFO,BOS,1,2013,345.05
SFO,DEN,1,2013,192.77
SFO,DFW,1,2013,235.14
SFO,EWR,1,2013,495.27
SFO,JFK,1,2013,369.37
SFO,LAS,1,2013,137.35
SFO,LAX,1,2013,126.75
SFO,ORD,1,2013,274.53
SFO,SEA,1,2013,165.28
